"Rank","Tier","WSID","Player","Team","Pos","Bye","Best","Worst","Avg","Std Dev","ADP","vs. ADP"
"1","1","","Christian McCaffrey","CAR","RB1","13","1","4","1.1","0.3","1.0","0.0"
"2","1","","Saquon Barkley","NYG","RB2","11","1","6","2.2","0.7","2.0","0.0"
"3","1","","Ezekiel Elliott","DAL","RB3","10","2","14","3.4","1.3","3.0","0.0"
"4","1","","Alvin Kamara","NO","RB4","6","2","8","4.1","1.6","5.0","+1.0"
"5","1","","Michael Thomas","NO","WR1","6","3","13","5.8","1.6","6.0","+1.0"
"6","2","","Dalvin Cook","MIN","RB5","7","3","23","6.8","3.0","4.0","-2.0"
"7","2","","Davante Adams","GB","WR2","5","5","16","9.2","2.0","8.0","+1.0"
"8","2","","Derrick Henry","TEN","RB6","7","3","31","11.0","7.0","7.0","-1.0"
"9","2","","Clyde Edwards-Helaire","KC","RB7","10","4","28","11.3","5.8","17.0","+8.0"
"10","2","","Julio Jones","ATL","WR3","10","5","24","11.6","2.0","16.0","+6.0"
"11","2","","Tyreek Hill","KC","WR4","10","5","40","12.6","2.5","14.0","+3.0"
"12","2","","Austin Ekeler","LAC","RB8","10","4","51","13.5","7.0","15.0","+3.0"
"13","3","","Joe Mixon","CIN","RB9","9","4","31","15.2","6.6","9.0","-4.0"
"14","3","","DeAndre Hopkins","ARI","WR5","8","5","33","16.5","5.6","12.0","-2.0"
"15","3","","Miles Sanders","PHI","RB10","9","6","44","16.6","7.1","10.0","-5.0"
"16","3","","Chris Godwin","TB","WR6","13","11","48","16.9","5.4","21.0","+5.0"
"17","3","","Kenyan Drake","ARI","RB11","8","4","59","17.3","8.7","18.0","+1.0"
"18","3","","Travis Kelce","KC","TE1","10","9","38","17.4","1.5","20.0","+2.0"
"19","3","","George Kittle","SF","TE2","11","15","27","18.5","2.1","24.0","+5.0"
"20","3","","Josh Jacobs","LV","RB12","6","4","51","22.0","6.3","11.0","-9.0"
"21","3","","Allen Robinson","CHI","WR7","11","12","49","22.6","6.5","30.0","+9.0"
"22","3","","Kenny Golladay","DET","WR8","5","12","46","23.6","6.5","25.0","+3.0"
"23","4","","Aaron Jones","GB","RB13","5","8","58","23.9","7.3","19.0","-4.0"
"24","4","","Nick Chubb","CLE","RB14","9","6","51","24.9","5.4","13.0","-11.0"
"25","4","","Patrick Mahomes","KC","QB1","10","19","54","27.7","9.0","22.0","-3.0"
"26","4","","D.J. Moore","CAR","WR9","13","11","64","27.8","7.4","27.0","+1.0"
"27","4","","Mike Evans","TB","WR10","13","12","55","29.3","7.5","26.0","-1.0"
"28","4","","JuJu Smith-Schuster","PIT","WR11","8","9","75","29.4","7.8","33.0","+5.0"
"29","4","","Adam Thielen","MIN","WR12","7","13","64","30.3","7.7","32.0","+3.0"
"30","4","","Lamar Jackson","BAL","QB2","8","6","68","32.1","10.2","23.0","-7.0"
"31","4","","Odell Beckham Jr.","CLE","WR13","9","13","67","33.3","8.0","28.0","-3.0"
"32","4","","Robert Woods","LAR","WR14","9","15","67","33.8","8.6","46.0","+14.0"
"33","4","","Amari Cooper","DAL","WR15","10","15","51","34.4","6.8","34.0","+1.0"
"34","4","","Cooper Kupp","LAR","WR16","9","15","81","35.9","9.2","35.0","+1.0"
"35","5","","Mark Andrews","BAL","TE3","8","18","63","36.5","12.3","42.0","+7.0"
"36","5","","Calvin Ridley","ATL","WR17","10","15","88","36.9","8.0","43.0","+7.0"
"37","5","","James Conner","PIT","RB15","8","8","89","38.7","9.9","39.0","+2.0"
"38","5","","Todd Gurley","ATL","RB16","10","9","75","38.8","10.3","29.0","-9.0"
"39","5","","Chris Carson","SEA","RB17","6","20","69","39.2","8.5","31.0","-8.0"
"40","5","","Zach Ertz","PHI","TE4","9","26","63","40.5","9.3","38.0","-2.0"
"41","5","","A.J. Brown","TEN","WR18","7","21","72","40.9","7.4","41.0","0.0"
"42","5","","D.J. Chark","JAC","WR19","7","16","113","43.0","8.9","54.0","+12.0"
"43","5","","Terry McLaurin","WAS","WR20","8","13","73","43.8","9.6","59.0","+16.0"
"44","5","","Le'Veon Bell","NYJ","RB18","11","11","76","45.4","11.9","37.0","-7.0"
"45","5","","Tyler Lockett","SEA","WR21","6","24","74","45.8","8.2","50.0","+5.0"
"46","5","","Keenan Allen","LAC","WR22","10","21","75","46.0","9.6","47.0","+1.0"
"47","5","","Melvin Gordon","DEN","RB19","8","14","85","46.6","10.6","40.0","-7.0"
"48","5","","David Johnson","HOU","RB20","8","23","83","47.0","11.9","36.0","-12.0"
"49","5","","Leonard Fournette","TB","RB21","13","9","66","48.5","13.8","48.0","-1.0"
"50","5","","Courtland Sutton","DEN","WR23","8","16","124","49.9","10.8","44.0","-6.0"
"51","5","","Jonathan Taylor","IND","RB22","7","10","112","50.2","14.0","45.0","-6.0"
"52","5","","D.K. Metcalf","SEA","WR24","6","24","90","50.8","9.5","51.0","-1.0"
"53","6","","Dak Prescott","DAL","QB3","10","19","91","55.7","6.9","52.0","-1.0"
"54","6","","Darren Waller","LV","TE5","6","26","136","57.2","12.7","53.0","-1.0"
"55","6","","DeVante Parker","MIA","WR25","11","33","122","57.8","12.6","63.0","+8.0"
"56","6","","T.Y. Hilton","IND","WR26","7","37","107","59.1","10.1","56.0","0.0"
"57","6","","Mark Ingram II","BAL","RB23","8","28","119","59.6","14.3","62.0","+5.0"
"58","6","","Kareem Hunt","CLE","RB24","9","25","120","61.0","10.8","64.0","+6.0"
"59","6","","Russell Wilson","SEA","QB4","6","38","91","61.3","6.4","61.0","+2.0"
"60","6","","Stefon Diggs","BUF","WR27","11","32","90","61.7","11.0","65.0","+5.0"
"61","6","","Tyler Boyd","CIN","WR28","9","33","201","63.0","15.4","71.0","+10.0"
"62","6","","Kyler Murray","ARI","QB5","8","38","114","63.2","8.7","55.0","-7.0"
"63","6","","Deshaun Watson","HOU","QB6","8","54","105","64.3","8.0","57.0","-6.0"
"64","6","","Jarvis Landry","CLE","WR29","9","29","101","66.8","10.4","68.0","+4.0"
"65","6","","Cam Akers","LAR","RB25","9","20","120","67.5","16.8","58.0","-7.0"
"66","6","","Michael Gallup","DAL","WR30","10","37","126","68.2","11.5","74.0","+8.0"
"67","6","","Marquise Brown","BAL","WR31","8","33","109","69.5","13.0","72.0","+5.0"
"68","6","","Raheem Mostert","SF","RB26","11","25","123","70.7","16.1","60.0","-8.0"
"69","6","","Evan Engram","NYG","TE6","11","26","142","72.1","18.9","70.0","+1.0"
"70","6","","A.J. Green","CIN","WR32","9","29","141","72.2","13.4","69.0","-1.0"
"71","6","","Julian Edelman","NE","WR33","6","25","198","72.2","18.3","73.0","+2.0"
"72","6","","James White","NE","RB27","6","31","208","72.7","18.7","81.0","+9.0"
"73","7","","Devin Singletary","BUF","RB28","11","13","170","74.3","15.8","49.0","-24.0"
"74","7","","D'Andre Swift","DET","RB29","5","8","123","76.5","15.8","66.0","-8.0"
"75","7","","David Montgomery","CHI","RB30","11","44","177","78.3","16.7","67.0","-8.0"
"76","7","","Will Fuller","HOU","WR34","8","49","194","78.7","15.6","75.0","-1.0"
"77","7","","Marvin Jones","DET","WR35","5","48","196","79.5","11.7","85.0","+8.0"
"78","7","","Tarik Cohen","CHI","RB31","11","47","149","80.2","20.3","84.0","+6.0"
"79","7","","Josh Allen","BUF","QB7","11","61","117","80.4","12.0","88.0","+9.0"
"80","7","","Matt Ryan","ATL","QB8","10","61","178","81.3","12.6","80.0","0.0"
"81","7","","Antonio Gibson","WAS","RB32","8","34","181","79.9","31.4","117.0","+36.0"
"82","7","","Brandin Cooks","HOU","WR36","8","32","160","83.8","15.8","86.0","+4.0"
"83","7","","Tyler Higbee","LAR","TE7","9","38","161","84.3","22.8","77.0","-6.0"
"84","7","","Hunter Henry","LAC","TE8","10","46","145","85.7","19.3","82.0","-2.0"
"85","7","","Jamison Crowder","NYJ","WR37","11","50","221","86.9","19.9","97.0","+12.0"
"86","7","","Diontae Johnson","PIT","WR38","8","45","166","88.3","17.0","99.0","+13.0"
"87","7","","Christian Kirk","ARI","WR39","8","45","208","90.9","22.0","93.0","+6.0"
"88","7","","Hayden Hurst","ATL","TE9","10","44","163","93.0","24.1","111.0","+23.0"
"89","7","","Carson Wentz","PHI","QB9","9","61","154","93.1","14.8","100.0","+11.0"
"90","7","","Drew Brees","NO","QB10","6","61","154","94.2","14.9","83.0","-7.0"
"91","7","","Deebo Samuel","SF","WR40","11","39","157","97.3","20.1","79.0","-12.0"
"92","7","","J.K. Dobbins","BAL","RB33","8","47","195","97.4","18.7","89.0","-3.0"
"93","7","","Sterling Shepard","NYG","WR41","11","58","214","97.7","21.4","98.0","+5.0"
"94","7","","Tom Brady","TB","QB11","13","67","162","98.2","15.7","76.0","-18.0"
"95","7","","Jordan Howard","MIA","RB34","11","51","170","98.5","14.6","90.0","-5.0"
"96","8","","Phillip Lindsay","DEN","RB35","8","66","181","99.7","16.9","87.0","-9.0"
"97","8","","Matt Breida","MIA","RB36","11","57","168","102.8","17.4","95.0","-2.0"
"98","8","","Matthew Stafford","DET","QB12","5","70","172","103.5","14.5","107.0","+9.0"
"99","8","","CeeDee Lamb","DAL","WR42","10","49","195","105.5","20.7","105.0","+6.0"
"100","8","","Anthony Miller","CHI","WR43","11","73","212","105.9","21.4","134.0","+34.0"
"101","8","","John Brown","BUF","WR44","11","72","223","106.2","19.1","101.0","0.0"
"102","8","","Aaron Rodgers","GB","QB13","5","69","172","108.2","15.1","92.0","-10.0"
"103","8","","Zack Moss","BUF","RB37","11","47","186","108.0","22.3","109.0","+6.0"
"104","8","","Ronald Jones II","TB","RB38","13","57","191","108.2","23.5","91.0","-13.0"
"105","8","","Emmanuel Sanders","NO","WR45","6","59","196","110.5","24.5","104.0","-1.0"
"106","8","","Preston Williams","MIA","WR46","11","58","183","111.4","22.5","121.0","+15.0"
"107","8","","Darius Slayton","NYG","WR47","11","50","212","111.5","24.2","112.0","+5.0"
"108","8","","Austin Hooper","CLE","TE10","9","63","194","113.9","21.0","110.0","+2.0"
"109","8","","Mike Gesicki","MIA","TE11","11","53","266","114.6","26.4","130.0","+21.0"
"110","8","","Golden Tate","NYG","WR48","11","55","206","115.5","23.0","132.0","+22.0"
"111","8","","Latavius Murray","NO","RB39","6","80","195","116.5","18.4","106.0","-5.0"
"112","8","","Jared Cook","NO","TE12","6","63","255","117.6","26.0","96.0","-16.0"
"113","8","","Kerryon Johnson","DET","RB40","5","76","205","119.1","22.3","94.0","-19.0"
"114","8","","Jerry Jeudy","DEN","WR49","8","45","301","119.4","26.9","114.0","0.0"
"115","8","","Tevin Coleman","SF","RB41","11","80","245","117.6","20.9","115.0","0.0"
"116","8","","Rob Gronkowski","TB","TE13","13","53","232","121.0","28.1","78.0","-38.0"
"117","8","","Ben Roethlisberger","PIT","QB14","8","87","241","121.0","14.6","133.0","+16.0"
"118","8","","Cam Newton","NE","QB15","6","61","320","119.1","30.0","169.0","+51.0"
"119","8","","Daniel Jones","NYG","QB16","11","77","171","121.5","19.7","125.0","+6.0"
"120","8","","Marlon Mack","IND","RB42","7","68","252","123.9","22.6","102.0","-18.0"
"121","8","","Henry Ruggs III","LV","WR50","6","74","306","124.3","36.4","118.0","-3.0"
"122","8","","T.J. Hockenson","DET","TE14","5","78","236","124.8","18.9","127.0","+5.0"
"123","8","","Jared Goff","LAR","QB17","9","87","197","125.6","17.8","137.0","+14.0"
"124","8","","Noah Fant","DEN","TE15","8","78","282","128.9","17.0","108.0","-16.0"
"125","8","","Duke Johnson","HOU","RB43","8","76","227","129.4","24.3","128.0","+3.0"
"126","9","","Mike Williams","LAC","WR51","10","51","240","130.5","33.7","139.0","+13.0"
"127","9","","Dallas Goedert","PHI","TE16","9","69","255","131.0","20.1","148.0","+21.0"
"128","9","","Jonnu Smith","TEN","TE17","7","69","185","131.1","22.8","156.0","+28.0"
"129","9","","Sony Michel","NE","RB44","6","80","264","135.0","29.8","116.0","-13.0"
"130","9","","Baker Mayfield","CLE","QB18","9","95","197","135.6","21.8","143.0","+13.0"
"131","9","","Chris Thompson","JAC","RB45","7","59","235","138.1","39.1","185.0","+54.0"
"132","9","","Ryan Tannehill","TEN","QB19","7","91","202","138.3","20.5","147.0","+15.0"
"133","9","","Jalen Reagor","PHI","WR52","9","62","298","138.8","35.8","170.0","+37.0"
"134","9","","Joe Burrow","CIN","QB20","9","95","314","141.3","28.7","151.0","+17.0"
"135","9","","Mecole Hardman","KC","WR53","10","64","231","141.9","30.4","135.0","0.0"
"136","9","","Blake Jarwin","DAL","TE18","10","92","260","143.7","27.0","163.0","+27.0"
"137","9","","Justin Jefferson","MIN","WR54","7","72","317","145.6","38.8","119.0","-18.0"
"138","9","","Allen Lazard","GB","WR55","5","79","304","146.3","27.8","171.0","+33.0"
"139","9","","Darrell Henderson","LAR","RB46","9","71","279","144.9","33.5","122.0","-17.0"
"140","9","","Alexander Mattison","MIN","RB47","7","85","197","143.8","20.9","124.0","-16.0"
"141","9","","Jack Doyle","IND","TE19","7","58","267","145.9","27.2","153.0","+12.0"
"142","9","","N'Keal Harry","NE","WR56","6","64","279","147.9","28.6","160.0","+18.0"
"143","9","","Boston Scott","PHI","RB48","9","84","274","142.6","29.0","138.0","-5.0"
"144","9","","Ryquell Armstead","JAC ","RB49","7","80","199","148.9","33.1","144.0","0.0"
"145","9","","Robby Anderson","CAR","WR57","13","81","213","148.5","29.1","123.0","-22.0"
"146","9","","DeSean Jackson","PHI","WR58","9","45","304","147.3","40.0","142.0","-4.0"
"147","9","","Chris Herndon IV","NYJ","TE20","11","92","273","151.4","30.7","158.0","+11.0"
"148","9","","Gardner Minshew II","JAC","QB21","7","97","274","152.1","26.7","174.0","+26.0"
"149","9","","Nyheim Hines","IND","RB50","7","83","227","145.3","27.0","146.0","-3.0"
"150","9","","Brandon Aiyuk","SF","WR59","11","67","265","155.5","34.2","172.0","+22.0"
"151","9","","Curtis Samuel","CAR","WR60","13","82","239","150.5","30.1","154.0","+3.0"
"152","9","","Chase Edmonds","ARI","RB51","8","93","257","156.0","29.0","149.0","-3.0"
"153","9","","Tony Pollard","DAL","RB52","10","100","250","150.2","24.7","136.0","-17.0"
"154","9","","Sammy Watkins","KC","WR61","10","102","231","157.0","25.4","155.0","+1.0"
"155","9","","Breshad Perriman","NYJ","WR62","11","85","247","157.2","31.5","159.0","+4.0"
"156","9","","Eric Ebron","PIT","TE21","8","92","258","159.6","22.4","145.0","-11.0"
"157","9","","Kirk Cousins","MIN","QB22","7","91","254","160.5","23.0","167.0","+10.0"
"158","9","","Parris Campbell","IND","WR63","7","100","247","164.6","31.1","173.0","+15.0"
"159","9","","Jimmy Garoppolo","SF","QB23","11","103","275","164.5","23.5","152.0","-7.0"
"160","9","","SF DST","","DST1","11","117","322","145.3","19.6","103.0","-57.0"
"161","10","","PIT DST","","DST2","8","122","230","148.2","11.7","113.0","-48.0"
"162","10","","Michael Pittman Jr.","IND","WR64","7","55","311","166.8","30.2","165.0","+3.0"
"163","10","","BAL DST","","DST3","8","126","183","152.4","7.9","120.0","-43.0"
"164","10","","Damien Harris","NE","RB53","6","80","336","169.0","43.7","179.0","+15.0"
"165","10","","Ian Thomas","CAR","TE22","13","108","350","176.7","37.4","231.0","+66.0"
"166","10","","Philip Rivers","IND","QB24","7","116","275","174.5","30.1","175.0","+9.0"
"167","10","","Drew Lock","DEN","QB25","8","114","284","176.0","29.6","176.0","+9.0"
"168","10","","Teddy Bridgewater","CAR","QB26","13","103","331","178.8","31.4","187.0","+19.0"
"169","10","","Larry Fitzgerald","ARI","WR65","8","102","261","174.6","30.5","182.0","+13.0"
"170","10","","Irv Smith Jr.","MIN","TE23","7","106","311","180.2","33.9","194.0","+24.0"
"171","10","","BUF DST","","DST4","11","131","213","162.5","12.2","126.0","-45.0"
"172","10","","Hunter Renfrow","LV","WR66","6","75","275","183.0","35.0","219.0","+47.0"
"173","10","","NE DST","","DST5","6","114","234","168.1","17.2","140.0","-33.0"
"174","10","","Laviska Shenault Jr.","JAC","WR67","7","99","327","188.4","40.6","243.0","+69.0"
"175","10","","Harrison Butker","KC","K1","10","116","213","173.6","7.4","131.0","-44.0"
"176","10","","Randall Cobb","HOU","WR68","8","99","258","189.1","29.4","197.0","+21.0"
"177","10","","Justin Tucker","BAL","K2","8","141","212","175.5","7.0","129.0","-48.0"
"178","10","","Justin Jackson","LAC","RB54","10","115","321","188.4","40.1","166.0","-12.0"
"179","10","","NO DST","","DST6","6","139","230","177.9","19.0","164.0","-15.0"
"180","10","","CHI DST","","DST7","11","132","266","177.5","22.7","150.0","-30.0"
"181","10","","James Washington","PIT","WR69","8","81","295","192.4","30.5","241.0","+60.0"
"182","10","","Wil Lutz","NO","K3","6","145","233","184.3","9.0","141.0","-41.0"
"183","10","","Derek Carr","LV","QB27","6","116","329","198.5","41.9","192.0","+9.0"
"184","10","","Corey Davis","TEN","WR70","7","111","271","193.6","23.5","246.0","+62.0"
"185","10","","Steven Sims","WAS","WR71","8","97","317","193.8","44.9","288.0","+103.0"
"186","10","","Alshon Jeffery","PHI","WR72","9","90","340","195.5","43.3","162.0","-24.0"
"187","10","","Joshua Kelley","LAC","RB55","10","84","347","190.9","45.1","238.0","+51.0"
"188","10","","Sam Darnold","NYJ","QB28","11","125","332","200.3","35.2","208.0","+20.0"
"189","10","","KC DST","","DST8","10","140","293","186.6","21.9","181.0","-8.0"
"190","10","","Dede Westbrook","JAC","WR73","7","75","285","191.2","36.2","240.0","+50.0"
"191","10","","Cole Beasley","BUF","WR74","11","128","282","198.2","26.9","205.0","+14.0"
"192","10","","A.J. Dillon","GB","RB56","5","80","337","192.6","41.2","177.0","-15.0"
"193","10","","Greg Zuerlein","DAL","K4","10","152","251","191.3","11.4","157.0","-36.0"
"194","10","","Darrynton Evans","TEN","RB57","7","112","359","193.6","36.2","233.0","+39.0"
"195","10","","Bryce Love","WAS","RB58","8","96","329","196.7","58.9","250.0","+55.0"
"196","10","","MIN DST","","DST9","7","138","279","193.2","21.6","161.0","-35.0"
"197","10","","Greg Olsen","SEA","TE24","6","127","315","206.5","37.8","198.0","+1.0"
"198","10","","Jamaal Williams","GB","RB59","5","112","321","189.5","36.4","222.0","+24.0"
"199","10","","Carlos Hyde","SEA","RB60","6","126","325","202.2","38.3","249.0","+50.0"
"200","11","","LAR DST","","DST10","9","130","290","195.4","25.5","186.0","-14.0"
"201","11","","Giovani Bernard","CIN","RB61","9","144","313","197.7","32.5","253.0","+52.0"
"202","11","","Denzel Mims","NYJ","WR75","11","89","315","201.3","30.4","223.0","+21.0"
"203","11","","Bryan Edwards","LV","WR76","6","97","407","193.2","61.3","236.0","+33.0"
"204","11","","O.J. Howard","TB","TE25","13","133","340","216.1","37.6","200.0","-4.0"
"205","11","","Robbie Gould","SF","K5","11","175","322","207.1","13.9","168.0","-37.0"
"206","11","","DEN DST","","DST11","8","157","314","211.5","24.1","184.0","-22.0"
"207","11","","PHI DST","","DST12","9","164","314","210.8","19.3","207.0","0.0"
"208","11","","Anthony McFarland Jr.","PIT","RB62","8","134","379","209.9","45.9","235.0","+27.0"
"209","11","","Danny Amendola","DET","WR77","5","129","365","219.4","31.3","324.0","+115.0"
"210","11","","Matt Prater","DET","K6","5","180","309","219.1","14.6","188.0","-22.0"
"211","11","","Jalen Richard","LV","RB63","6","115","316","209.4","40.5","251.0","+40.0"
"212","11","","LAC DST","","DST13","10","145","347","206.8","31.4","189.0","-23.0"
"213","11","","John Ross","CIN","WR78","9","113","304","221.9","31.5","285.0","+72.0"
"214","11","","Tyrod Taylor","LAC","QB29","10","95","367","232.2","50.1","261.0","+47.0"
"215","11","","TEN DST","","DST14","7","174","323","221.0","22.0","215.0","0.0"
"216","11","","Jerick McKinnon","SF","RB64","11","115","359","222.6","51.4","217.0","+1.0"
"217","11","","Kyle Rudolph","MIN","TE26","7","133","341","225.7","40.4","203.0","-14.0"
"218","11","","Jake Elliott","PHI","K7","9","171","292","225.1","17.9","204.0","-14.0"
"219","11","","Kenny Stills","HOU","WR79","8","128","319","225.4","29.5","259.0","+40.0"
"220","11","","Zane Gonzalez","ARI","K8","8","167","331","226.9","22.0","183.0","-37.0"
"221","11","","Tee Higgins","CIN","WR80","9","129","356","225.8","33.5","202.0","-19.0"
"222","11","","Russell Gage","ATL","WR81","10","138","338","227.6","36.8","303.0","+81.0"
"223","11","","IND DST","","DST15","7","152","303","225.2","29.6","190.0","-33.0"
"224","11","","Gerald Everett","LAR","TE27","9","121","340","229.9","42.7","281.0","+57.0"
"225","11","","Ke'Shawn Vaughn","TB","RB65","13","89","359","216.1","70.6","180.0","-45.0"
"226","11","","Ka'imi Fairbairn","HOU","K9","8","171","300","231.0","17.4","216.0","-10.0"
"227","11","","Dawson Knox","BUF","TE28","11","148","319","237.0","30.8","264.0","+37.0"
"228","11","","Adrian Peterson","DET","RB66","5","104","361","210.3","64.4","178.0","-50.0"
"229","11","","Benny Snell Jr.","PIT","RB67","8","122","326","229.8","44.3","210.0","-19.0"
"230","11","","SEA DST","","DST16","6","159","318","230.3","23.3","211.0","-19.0"
"231","11","","GB DST","","DST17","5","189","305","238.1","22.5","225.0","-6.0"
"232","11","","Malcolm Brown","LAR","RB68","9","126","368","231.1","44.2","247.0","+15.0"
"233","11","","Jace Sternberger","GB","TE29","5","108","344","231.9","47.7","271.0","+38.0"
"234","11","","Miles Boykin","BAL","WR82","8","128","345","231.8","35.0","283.0","+49.0"
"235","11","","Darrel Williams","KC","RB69","10","83","386","227.3","70.0","191.0","-44.0"
"236","11","","Dwayne Haskins","WAS","QB30","8","143","327","248.7","35.0","268.0","+32.0"
"237","11","","TB DST","","DST18","13","157","337","237.4","31.7","201.0","-36.0"
"238","11","","Chris Conley","JAC","WR83","7","102","332","235.1","28.7","346.0","+108.0"
"239","11","","Michael Badgley","LAC","K10","10","183","324","245.1","27.6","269.0","+30.0"
"240","11","","DAL DST","","DST19","10","162","318","244.9","27.9","209.0","-31.0"
"241","11","","Mason Crosby","GB","K11","5","183","302","245.8","19.1","212.0","-29.0"
"242","11","","Chase Claypool","PIT","WR84","8","157","374","242.3","34.4","260.0","+18.0"
"243","11","","Dan Bailey","MIN","K12","7","196","300","245.1","15.8","214.0","-29.0"
"244","11","","Younghoe Koo","ATL","K13","10","188","324","242.1","29.7","206.0","-38.0"
"245","11","","Josh Reynolds","LAR","WR85","9","174","361","242.9","32.4","332.0","+87.0"
"246","11","","Jimmy Graham","CHI","TE30","11","133","341","247.5","35.9","218.0","-28.0"
"247","11","","CLE DST","","DST20","9","143","307","250.3","24.1","279.0","+32.0"
"248","12","","Will Dissly","SEA","TE31","6","136","375","248.0","38.8","227.0","-21.0"
"249","12","","Tyler Eifert","JAC","TE32","7","106","372","245.2","45.6","239.0","-10.0"
"250","12","","Tre'Quan Smith","NO","WR86","6","124","377","245.9","35.7","280.0","+30.0"
"251","12","","Ito Smith","ATL","RB70","10","123","322","243.4","38.2","266.0","+15.0"
"252","12","","Jason Myers","SEA","K14","6","181","292","253.7","20.5","230.0","-22.0"
"253","12","","NYJ DST","","DST21","11","145","345","254.8","38.8","273.0","+20.0"
"254","12","","Brandon McManus","DEN","K15","8","198","308","256.4","20.5","226.0","-28.0"
"255","12","","Rex Burkhead","NE","RB71","6","123","316","241.2","34.6","274.0","+19.0"
"256","12","","Ryan Fitzpatrick","MIA","QB31","11","146","361","266.1","42.1","258.0","+2.0"
"257","12","","Adam Humphries","TEN","WR87","7","151","369","247.6","31.3","389.0","+132.0"
"258","12","","Chris Boswell","PIT","K16","8","190","302","259.6","23.2","213.0","-45.0"
"259","12","","Andy Isabella","ARI","WR88","8","148","368","251.5","37.2","327.0","+68.0"
"260","12","","Marquez Valdes-Scantling","GB","WR89","5","151","372","251.7","33.4","284.0","+24.0"
"261","12","","Van Jefferson","LAR","WR90","9","138","415","249.3","49.9","306.0","+45.0"
"262","12","","Rashaad Penny","SEA","RB72","6","159","388","252.2","49.8","237.0","-25.0"
"263","12","","Kendrick Bourne","SF","WR91","11","109","408","251.4","45.2","307.0","+44.0"
"264","12","","Royce Freeman","DEN","RB73","8","120","386","251.9","52.2","315.0","+51.0"
"265","12","","Joey Slye","CAR","K17","13","200","341","271.2","24.4","275.0","+10.0"
"266","12","","Matt Gay","FA","K18","","164","323","219.8","26.1","199.0","-67.0"
"267","12","","Frank Gore","NYJ","RB74","11","132","365","257.2","54.3","278.0","+11.0"
"268","12","","J.J. Arcega-Whiteside","PHI","WR92","9","151","388","262.8","42.5","410.0","+142.0"
"269","12","","David Njoku","CLE","TE33","9","128","383","270.3","38.3","272.0","+3.0"
"270","12","","Auden Tate","CIN","WR93","9","128","401","261.7","40.8","367.0","+97.0"
"271","12","","Devine Ozigbo","JAC","RB75","7","89","361","203.3","71.0","224.0","-47.0"
"272","12","","KJ Hamler","DEN","WR94","8","206","379","257.9","32.6","351.0","+79.0"
"273","12","","Jaylen Samuels","PIT","RB76","8","132","367","254.6","47.9","256.0","-17.0"
"274","12","","HOU DST","","DST22","8","150","345","275.6","26.1","244.0","-30.0"
"275","12","","Dion Lewis","NYG","RB77","11","177","361","258.0","34.7","262.0","-13.0"
"276","12","","Antonio Gandy-Golden","WAS","WR95","8","151","391","266.0","41.4","434.0","+158.0"
"277","12","","Peyton Barber","WAS","RB78","8","156","358","262.4","43.5","267.0","-10.0"
"278","12","","Brian Hill","ATL","RB79","10","170","361","271.8","44.0","254.0","-24.0"
"279","12","","Austin Seibert","CLE","K19","9","220","339","283.3","22.0","337.0","+58.0"
"280","12","","Nick Foles","CHI","QB32","11","150","378","289.0","38.8","383.0","+103.0"
"281","12","","Justice Hill","BAL","RB80","8","144","383","267.3","56.8","294.0","+13.0"
"282","12","","Mohamed Sanu","FA","WR96","","157","372","228.1","35.6","310.0","+28.0"
"283","12","","DeAndre Washington","KC","RB81","10","141","390","247.8","60.5","343.0","+60.0"
"284","12","","Josh Lambo","JAC","K20","7","168","353","285.7","23.9","234.0","-50.0"
"285","12","","Mitch Trubisky","CHI","QB33","11","155","371","293.7","40.5","245.0","-40.0"
"286","12","","Gus Edwards","BAL","RB82","8","156","365","274.4","39.6","348.0","+62.0"
"287","12","","WAS DST","","DST23","8","164","355","286.9","31.9","221.0","-66.0"
"288","12","","Zach Pascal","IND","WR97","7","196","385","276.9","33.5","371.0","+83.0"
"289","12","","Phillip Dorsett","SEA","WR98","6","194","383","274.6","37.5","392.0","+103.0"
"290","12","","Vance McDonald","PIT","TE34","8","139","352","283.7","33.2","276.0","-14.0"
"291","12","","Tua Tagovailoa","MIA","QB34","11","125","384","295.4","44.1","232.0","-59.0"
"292","12","","JAC DST","","DST24","7","145","347","289.2","32.0","265.0","-27.0"
"293","12","","Demarcus Robinson","KC","WR99","10","182","389","284.5","35.4","405.0","+112.0"
"294","12","","LeSean McCoy","TB","RB83","13","143","375","262.5","54.4","193.0","-101.0"
"295","12","","Lynn Bowden Jr.","MIA","RB84","11","146","363","270.3","56.0","255.0","-40.0"
"296","12","","Darwin Thompson","KC","RB85","10","190","382","287.4","35.3","372.0","+76.0"
"297","12","","ATL DST","","DST25","10","158","355","297.2","28.1","252.0","-45.0"
"298","13","","Daniel Carlson","LV","K21","6","191","351","299.3","25.5","311.0","+13.0"
"299","13","","Nelson Agholor","LV","WR100","6","177","410","282.8","40.5","376.0","+77.0"
"300","13","","Jakobi Meyers","NE","WR101","6","188","402","286.0","31.8","428.0","+128.0"
"301","13","","Devin Duvernay","BAL","WR102","8","137","413","284.7","43.7","304.0","+3.0"
"302","13","","DET DST","","DST26","5","152","347","304.9","26.5","317.0","+15.0"
"303","13","","Willie Snead","BAL","WR103","8","222","414","287.7","32.1","305.0","+2.0"
"304","13","","Stephen Gostkowski","TEN","K22","7","177","342","256.2","39.9","228.0","-76.0"
"305","13","","CAR DST","","DST27","13","145","355","304.5","33.5","295.0","-10.0"
"306","13","","Cameron Brate","TB","TE35","13","212","376","303.7","30.6","298.0","-8.0"
"307","13","","Devonta Freeman","FA","RB86","","131","364","274.3","50.9","196.0","-111.0"
"308","13","","Dustin Hopkins","WAS","K23","8","178","353","308.6","27.7","282.0","-26.0"
"309","13","","Lamical Perine","NYJ","RB87","11","195","366","301.9","33.2","378.0","+69.0"
"310","13","","C.J. Uzomah","CIN","TE36","9","163","382","280.4","41.9","320.0","+10.0"
"311","13","","Darren Fells","HOU","TE37","8","173","356","285.9","37.8","309.0","-2.0"
"312","13","","David Moore","SEA","WR104","6","208","403","300.5","33.0","380.0","+68.0"
"313","13","","Stephen Hauschka","FA","K24","","216","324","281.5","18.8","277.0","-36.0"
"314","13","","DeeJay Dallas","SEA","RB88","6","156","393","298.2","46.8","481.0","+167.0"
"315","13","","Justin Herbert","LAC","QB35","10","124","379","317.1","35.4","368.0","+53.0"
"316","13","","Greg Ward","PHI","WR105","9","90","383","280.7","50.6","435.0","+119.0"
"317","13","","Dare Ogunbowale","FA","RB89","","130","363","280.4","43.2","412.0","+95.0"
"318","13","","DaeSean Hamilton","DEN","WR106","8","193","421","299.8","41.2","",""
"319","13","","Jordan Akins","HOU","TE38","8","179","347","284.7","34.0","",""
"320","13","","Olabisi Johnson","MIN","WR107","7","169","368","262.5","45.4","447.0","+127.0"
"321","13","","Mike Boone","MIN","RB90","7","198","359","311.1","27.9","413.0","+92.0"
"322","13","","Trey Burton","IND","TE39","7","139","393","298.3","48.1","",""
"323","13","","ARI DST","","DST28","8","140","355","307.5","32.1","301.0","-22.0"
"324","13","","Lamar Miller","FA","RB91","","123","368","280.4","53.6","291.0","-33.0"
"325","13","","Randy Bullock","CIN","K25","9","182","342","308.4","24.9","362.0","+37.0"
"326","13","","Chase McLaughlin","MIN","K26","7","199","332","297.3","25.2","356.0","+30.0"
"327","13","","Brett Maher","FA","K27","","169","353","295.5","31.2","421.0","+94.0"
"328","13","","James Robinson","JAC","RB92","7","126","404","222.7","72.3","300.0","-28.0"
"329","13","","Patrick Laird","MIA","RB93","11","227","393","312.7","32.6","399.0","+70.0"
"330","13","","Scott Miller","TB","WR108","13","141","369","276.8","49.3","287.0","-43.0"
"331","13","","J.D. McKissic","WAS","RB94","8","112","392","271.8","72.1","292.0","-39.0"
"332","13","","Dan Arnold","ARI","TE40","8","115","409","273.3","51.9","316.0","-16.0"
"333","13","","LV DST","","DST29","6","207","354","310.9","32.2","318.0","-15.0"
"334","13","","Ted Ginn","CHI","WR109","11","220","425","305.4","38.2","472.0","+138.0"
"335","13","","Keke Coutee","HOU","WR110","8","240","422","315.3","38.9","",""
"336","13","","Devin Asiasi","NE","TE41","6","165","365","296.9","42.2","248.0","-88.0"
"337","13","","Wayne Gallman","NYG","RB95","11","147","386","325.7","30.3","444.0","+107.0"
"338","13","","Aldrick Rosas","FA","K28","","203","339","298.4","24.7","387.0","+49.0"
"339","13","","T.J. Yeldon","BUF","RB96","11","186","393","325.3","29.9","450.0","+111.0"
"340","13","","Justin Rohrwasser","FA","K29","","212","353","293.0","28.8","333.0","-7.0"
"341","13","","Logan Thomas","WAS","TE42","8","180","371","278.9","47.0","423.0","+82.0"
"342","13","","Ryan Succop","TB","K30","13","185","353","247.3","33.1","242.0","-100.0"
"343","13","","Reggie Bonnafon","FA","RB97","","186","381","317.2","27.8","",""
"344","13","","Qadree Ollison","ATL","RB98","10","165","390","331.8","30.6","",""
"345","13","","Eno Benjamin","ARI","RB99","8","187","385","323.0","37.1","359.0","+14.0"
"346","13","","Nick Boyle","BAL","TE43","8","191","394","309.5","35.8","358.0","+12.0"
"347","13","","Jordan Wilkins","IND","RB100","7","217","386","328.8","27.6","",""
"348","14","","Trent Taylor","SF","WR111","11","189","378","290.4","51.5","461.0","+113.0"
"349","14","","Jakeem Grant","MIA","WR112","11","223","383","290.5","37.5","",""
"350","14","","Jacob Hollister","SEA","TE44","6","211","374","311.4","36.4","313.0","-37.0"
"351","14","","Bo Scarbrough","DET","RB101","5","269","393","338.1","24.0","455.0","+104.0"
"352","14","","Sam Sloman","LAR","K31","9","204","365","283.9","36.6","290.0","-62.0"
"353","14","","MIA DST","","DST30","11","206","355","310.7","37.0","437.0","+84.0"
"354","14","","Jarrett Stidham","NE","QB36","6","215","394","328.0","35.9","365.0","+11.0"
"355","14","","Jason Witten","LV","TE45","6","191","391","320.6","44.0","296.0","-59.0"
"356","14","","Mike Davis","CAR","RB102","13","190","406","321.6","47.4","330.0","-26.0"
"357","14","","Travis Homer","SEA","RB103","6","262","384","337.9","24.9","493.0","+136.0"
"358","14","","Cole Kmet","CHI","TE46","11","180","380","328.4","35.2","229.0","-129.0"
"359","14","","Ryan Griffin","NYJ","TE47","11","178","391","328.7","35.7","482.0","+123.0"
"360","14","","Taysom Hill","NO","QB37","6","167","396","328.7","42.7","302.0","-58.0"
"361","14","","Josh Gordon","SEA","WR113","6","199","383","295.9","54.9","220.0","-141.0"
"362","14","","Myles Gaskin","MIA","RB104","11","259","392","338.2","26.5","",""
"363","14","","Keelan Cole","JAC","WR114","7","222","396","323.9","35.6","",""
"364","14","","Dante Pettis","SF","WR115","11","194","392","321.8","43.1","462.0","+98.0"
"365","14","","Tyler Bass","BUF","K32","11","232","353","294.9","30.1","270.0","-95.0"
"366","14","","Ty Montgomery","NO","RB105","6","183","389","327.9","34.8","483.0","+117.0"
"367","14","","Corey Clement","PHI","RB106","9","132","388","312.5","59.7","485.0","+118.0"
"368","14","","Cordarrelle Patterson","CHI","WR116","11","184","390","306.8","52.6","429.0","+61.0"
"369","14","","Jason Sanders","MIA","K33","11","231","353","312.4","26.0","289.0","-80.0"
"370","14","","Jameis Winston","NO","QB38","6","254","389","343.2","31.0","286.0","-84.0"
"371","14","","NYG DST","","DST31","11","208","355","318.2","34.9","293.0","-78.0"
"372","14","","Isaiah Ford","MIA","WR117","11","203","396","294.3","52.0","",""
"373","14","","Kyle Juszczyk","SF","RB107","11","174","388","327.1","38.1","335.0","-38.0"
"374","14","","Eddy Pineiro","CHI","K34","11","245","364","316.0","29.3","297.0","-77.0"
"375","14","","CIN DST","","DST32","9","210","355","324.4","26.5","299.0","-76.0"
"376","14","","Marcus Mariota","LV","QB39","6","214","387","340.3","35.3","415.0","+39.0"
"377","14","","Justin Watson","TB","WR118","13","263","393","332.1","31.3","394.0","+17.0"
"378","14","","Graham Gano","NYG","K35","11","235","353","310.4","28.2","453.0","+75.0"
"379","14","","Jeff Wilson","SF","RB108","11","160","388","334.5","38.1","",""
"380","14","","Rodrigo Blankenship","IND","K36","7","221","353","285.8","29.9","257.0","-123.0"
"381","14","","Antonio Brown","FA","WR119","","214","398","301.8","41.3","195.0","-186.0"
"382","14","","Damiere Byrd","NE","WR120","6","220","387","310.3","43.6","451.0","+69.0"
"383","14","","Tajae Sharpe","MIN","WR121","7","226","383","319.6","36.7","417.0","+34.0"
"384","14","","Jeremy Sprinkle","WAS","TE48","8","250","417","338.8","34.6","433.0","+49.0"
"385","14","","Tyler Johnson","TB","WR122","13","210","392","330.9","38.6","",""
"386","14","","Rashard Higgins","CLE","WR123","9","240","396","337.4","37.2","467.0","+81.0"
"387","14","","Quintez Cephus","DET","WR124","5","242","396","321.0","43.3","480.0","+93.0"
"388","14","","Adam Vinatieri","FA","K37","","177","370","309.4","33.7","321.0","-67.0"
"389","14","","Dontrelle Inman","WAS","WR125","8","205","378","294.6","39.8","",""
"390","14","","Drew Sample","CIN","TE49","9","180","420","342.5","31.4","442.0","+52.0"
"391","14","","Joe Reed","LAC","WR126","10","223","390","306.2","48.2","",""
"392","14","","Adam Trautman","NO","TE50","6","240","411","346.1","26.3","407.0","+15.0"
"393","14","","Robert Tonyan","GB","TE51","5","207","388","306.5","43.7","527.0","+134.0"
"394","14","","Jalen Hurts","PHI","QB40","9","210","397","344.1","43.6","263.0","-131.0"
"395","14","","Andy Dalton","DAL","QB41","10","255","403","349.3","34.7","404.0","+9.0"
"396","14","","Equanimeous St. Brown","GB","WR127","5","196","396","318.6","36.3","",""
"397","14","","Ty Johnson","DET","RB109","5","238","391","337.2","34.3","",""
"398","14","","Jordan Reed","SF","TE52","11","191","392","334.9","41.7","336.0","-62.0"
"399","14","","Trayveon Williams","CIN","RB110","9","245","392","335.1","37.3","",""
"400","14","","Kai Forbath","FA","K38","","234","367","308.5","25.0","345.0","-55.0"
"401","14","","Ryan Nall","CHI","RB111","11","185","393","332.8","34.0","",""
"402","14","","Devontae Booker","LV","RB112","6","104","388","325.4","43.9","",""
"403","14","","Sam Ficken","NYJ","K39","11","237","373","327.3","27.2","308.0","-95.0"
"404","14","","Greg Joseph","TB","K40","13","251","354","311.8","30.8","353.0","-51.0"
"405","14","","KeeSean Johnson","ARI","WR128","8","260","395","343.2","30.0","537.0","+132.0"
"406","14","","Zay Jones","LV","WR129","6","223","390","337.7","31.4","590.0","+184.0"
"407","14","","Dalton Keene","NE","TE53","6","243","389","343.2","31.4","",""
"408","14","","Kaden Smith","NYG","TE54","11","222","416","344.0","39.1","430.0","+22.0"
"409","14","","Trey Quinn","JAC","WR130","7","210","384","318.5","50.4","",""
"410","14","","Anthony Firkser","TEN","TE55","7","273","389","350.2","25.0","",""
"411","14","","Jacoby Brissett","IND","QB42","7","216","397","348.7","35.0","",""
"412","14","","Jake Kumerow","BUF","WR131","11","260","383","333.0","35.4","",""
"413","14","","John Hightower","PHI","WR132","9","202","379","298.1","66.6","",""
"414","14","","Tim Patrick","DEN","WR133","8","271","377","319.2","28.5","491.0","+77.0"
"415","14","","Foster Moreau","LV","TE56","6","292","412","351.2","24.4","574.0","+159.0"
"416","15","","Kalen Ballage","FA","RB113","","279","392","339.0","23.0","558.0","+142.0"
"417","15","","Maxx Williams","ARI","TE57","8","236","391","349.7","31.1","569.0","+152.0"
"418","15","","Javon Wims","CHI","WR134","11","295","390","346.2","27.6","",""
"419","15","","Taylor Gabriel","FA","WR135","","212","377","295.8","49.0","",""
"420","15","","Donovan Peoples-Jones","CLE","WR136","9","262","385","349.7","34.1","406.0","-14.0"
"421","15","","Kahale Warring","HOU","TE58","8","173","394","330.6","41.4","",""
"422","15","","Mo Alie-Cox","IND","TE59","7","305","391","359.7","20.2","",""
"423","15","","Hakeem Butler","FA","WR137","","261","395","341.4","35.3","463.0","+40.0"
"424","15","","Derrius Guice","FA","RB114","","66","385","305.4","72.9","361.0","-63.0"
"425","15","","Albert Okwuegbunam","DEN","TE60","8","242","418","347.5","32.4","391.0","-34.0"
"426","15","","Nick Folk","NE","K41","6","234","330","288.3","34.1","352.0","-74.0"
"427","15","","Demaryius Thomas","FA","WR138","","263","380","313.8","37.0","",""
"428","15","","Paul Richardson Jr.","FA","WR139","","293","383","337.2","22.5","",""
"429","15","","Delanie Walker","FA","TE61","","169","397","339.3","40.7","384.0","-45.0"
"430","15","","Kalif Raymond","TEN","WR140","7","294","396","353.8","25.3","",""
"431","15","","Dontrell Hilliard","FA","RB115","","287","392","356.1","23.8","510.0","+79.0"
"432","15","","Gabriel Davis","BUF","WR141","11","261","383","343.3","30.1","570.0","+138.0"
"433","15","","K.J. Hill","LAC","WR142","10","262","384","345.9","36.9","416.0","-17.0"
"434","15","","CJ Ham","MIN","RB116","7","139","393","342.2","46.2","",""
"435","15","","Jesse James","DET","TE62","5","221","389","365.9","14.8","460.0","+25.0"
"436","15","","Dexter Williams","FA","RB117","","290","383","359.2","15.8","",""
"437","15","","Riley Ridley","CHI","WR143","11","270","396","353.7","32.2","446.0","+9.0"
"438","15","","Laquon Treadwell","FA","WR144","","293","382","354.2","22.7","541.0","+103.0"
"439","15","","JaMycal Hasty","SF","RB118","11","254","399","336.4","36.5","476.0","+37.0"
"440","15","","Ameer Abdullah","MIN","RB119","7","280","393","350.2","25.2","529.0","+89.0"
"441","15","","Chris Hogan","NYJ","WR145","11","206","384","344.7","41.0","",""
"442","15","","Gunner Olszewski","NE","WR146","6","262","384","329.0","31.4","",""
"443","15","","Dalton Schultz","DAL","TE63","10","260","389","354.5","29.1","409.0","-34.0"
"444","15","","Josh Hill","NO","TE64","6","324","394","363.8","15.6","379.0","-65.0"
"445","15","","Ricky Seals-Jones","KC","TE65","10","313","424","371.4","22.4","386.0","-59.0"
"446","15","","Tyler Ervin","GB","RB120","5","162","382","324.8","70.7","585.0","+139.0"
"447","15","","Jaeden Graham","ATL","TE66","10","255","394","368.9","16.3","441.0","-6.0"
"448","15","","Kyle Allen","WAS","QB43","8","252","397","354.3","31.9","465.0","+17.0"
"449","15","","Gary Jennings Jr.","FA","WR147","","203","369","302.0","62.5","",""
"450","15","","Matt Bryant","FA","K42","","216","342","270.3","52.9","370.0","-80.0"
"451","15","","Mack Hollins","MIA","WR148","11","265","377","324.2","43.5","",""
"452","15","","Rodney Anderson","FA","RB121","","277","375","326.8","40.4","",""
"453","15","","Trenton Cannon","CAR","RB122","13","163","396","327.8","87.5","",""
"454","15","","Jalen Guyton","LAC","WR149","10","205","395","350.0","49.2","",""
"455","15","","Bilal Powell","FA","RB123","","303","376","350.1","16.0","",""
"456","15","","Collin Johnson","JAC","WR150","7","242","331","278.7","38.0","560.0","+104.0"
"457","15","","James O'Shaughnessy","JAC","TE67","7","260","389","363.4","19.7","",""
"458","15","","Braxton Berrios","NYJ","WR151","11","262","384","332.0","39.6","",""
"459","15","","Seth Roberts","CAR","WR152","13","138","395","359.9","32.1","",""
"460","15","","Marvin Hall","DET","WR153","5","328","393","370.2","14.8","",""
"461","15","","Adam Shaheen","MIA","TE68","11","308","391","357.0","26.3","",""
"462","15","","Isaiah Coulter","HOU","WR154","8","271","384","341.4","37.9","",""
"463","15","","Robert Foster","GB","WR155","5","261","384","342.4","50.8","",""
"464","15","","Rysen John","NYG","WR156","11","242","263","252.5","10.5","",""
"465","15","","Andy Janovich","CLE","RB124","9","280","384","328.8","37.0","538.0","+73.0"
"466","15","","Taywan Taylor","FA","WR157","","300","395","344.2","34.3","",""
"467","15","","Thaddeus Moss","FA","TE69","","180","419","356.7","43.0","397.0","-70.0"
"468","15","","Nick Vannett","DEN","TE70","8","282","400","357.3","34.7","484.0","+16.0"
"469","15","","Kerrith Whyte Jr.","FA","RB125","","337","359","348.8","7.2","",""
"470","15","","Raymond Calais","TB","RB126","13","307","393","339.0","32.4","",""
"471","15","","Jordan Scarlett","FA","RB127","","279","374","339.3","37.1","559.0","+88.0"
"472","15","","John Kelly","FA","RB128","","306","386","353.8","26.3","478.0","+6.0"
"473","15","","Josiah Deguara","GB","TE71","5","325","383","354.6","18.7","458.0","-15.0"
"474","15","","Harrison Bryant","CLE","TE72","9","294","366","343.8","29.3","419.0","-55.0"
"475","15","","Chandler Catanzaro","FA","K43","","247","324","285.5","38.5","503.0","+28.0"
"476","15","","Buddy Howell","HOU","RB129","8","191","389","370.4","17.0","",""
"477","15","","Marcedes Lewis","GB","TE73","5","335","394","375.4","17.2","395.0","-82.0"
"478","15","","C.J. Anderson","FA","RB130","","341","360","348.5","7.7","",""
"479","15","","Dwayne Washington","NO ","RB131","6","327","364","349.3","13.7","",""
"480","16","","Antonio Callaway","MIA","WR158","11","212","390","301.0","89.0","",""
"481","16","","Isaiah McKenzie","BUF","WR159","11","345","374","362.8","11.9","",""
"482","16","","Joe Flacco","NYJ","QB44","11","294","310","302.0","8.0","396.0","-86.0"
"483","16","","Christian Blake","ATL","WR160","10","285","389","353.5","40.6","",""
"484","16","","Khari Blasingame","TEN","RB132","7","173","390","370.8","18.2","",""
"485","16","","Ross Dwelley","SF","TE74","11","341","395","364.6","19.7","",""
"486","16","","Chester Rogers","FA","WR161","","286","384","338.7","40.3","",""
"487","16","","Cedrick Wilson","DAL","WR162","10","317","396","365.0","26.1","464.0","-23.0"
"488","16","","Hunter Bryant","DET","TE75","5","309","371","340.7","25.3","",""
"489","16","","Corey Coleman","FA","WR163","","345","366","357.0","7.6","",""
"490","16","","Duke Williams","BUF","WR164","11","244","378","311.0","67.0","",""
"491","16","","Devin Smith","FA","WR165","","293","384","344.0","38.0","",""
"492","16","","Olamide Zaccheaus","ATL","WR166","10","345","389","368.6","15.5","562.0","+70.0"
"493","16","","Michael Warren II","FA","RB133","","296","336","316.0","20.0","",""
"494","16","","Patrick Ricard","BAL","RB134","8","331","382","360.5","18.6","340.0","-154.0"
"495","16","","Karan Higdon","FA","RB135","","355","370","360.5","5.8","",""
"496","16","","Case Keenum","CLE","QB45","9","292","394","349.3","42.6","",""
"497","16","","Jordan Thomas","FA","TE76","","299","381","349.3","36.0","588.0","+91.0"
"498","16","","Brycen Hopkins","LAR","TE77","9","339","394","363.0","20.7","452.0","-46.0"
"499","16","","Artavis Pierce","CHI","RB136","11","272","376","324.0","52.0","",""
"500","16","","Josh Bellamy","NYJ","WR167","11","293","387","351.0","41.4","",""
"501","16","","Ryan Izzo","NE","TE78","6","294","360","327.0","33.0","502.0","+1.0"
"502","16","","Dalyn Dawkins","FA","RB137","","342","364","353.0","9.0","445.0","-57.0"
"503","16","","Richard Rodgers","FA","TE79","","347","375","365.8","11.0","547.0","+44.0"
"504","16","","J.J. Taylor","FA","RB138","","336","392","366.0","20.9","347.0","-157.0"
"505","16","","Levine Toilolo","NYG","TE80","11","267","394","330.5","63.5","594.0","+89.0"
"506","16","","Josh Rosen","TB","QB46","13","302","363","332.5","30.5","583.0","+77.0"
"507","16","","Pharoh Cooper","CAR","WR168","13","344","394","375.6","19.1","",""
"508","16","","Jakob Johnson","NE","RB139","6","296","396","357.0","43.7","",""
"509","16","","Alex Erickson","CIN","WR169","9","271","397","380.5","10.2","",""
"510","16","","Vyncint Smith","NYJ","WR170","11","346","388","370.5","15.3","",""
"511","16","","Tyler Kroft","BUF","TE81","11","371","391","386.7","4.1","530.0","+19.0"
"512","16","","Jordan Love","GB","QB47","5","309","397","364.3","39.3","354.0","-158.0"
"513","16","","Jason Huntley","PHI","RB140","9","305","405","365.3","43.4","",""
"514","16","","Jeff Driskel","DEN","QB48","8","344","352","348.0","4.0","",""
"515","16","","Darius Jennings","FA","WR171","","341","392","368.3","21.0","",""
"516","16","","Cody Hollister","TEN","WR172","7","345","366","355.5","10.5","",""
"517","16","","C.J. Board","NYG","WR173","11","340","372","356.0","16.0","",""
"518","16","","Kenneth Dixon","FA","RB141","","336","378","357.0","21.0","",""
"519","16","","Mike Thomas","CIN","WR174","9","349","367","358.0","9.0","314.0","-205.0"
"520","16","","Elijah Holyfield","FA","RB142","","355","361","358.0","3.0","489.0","-31.0"
"521","16","","Robert Griffin","BAL","QB49","8","367","397","385.8","10.6","350.0","-171.0"
"522","16","","Quez Watkins","PHI","WR175","9","348","370","359.0","11.0","539.0","+17.0"
"523","16","","Alec Ingold","LV","RB143","6","357","387","376.7","13.9","",""
"524","16","","Darnell Mooney","CHI","WR176","11","347","383","365.0","18.0","",""
"525","16","","Ryan Switzer","FA","WR177","","340","395","367.5","27.5","513.0","-12.0"
"526","16","","Virgil Green","LAC","TE82","10","370","375","372.5","2.5","",""
"527","16","","Cam Batson","TEN","WR178","7","372","373","372.5","0.5","",""
"528","16","","Theo Riddick","FA","RB144","","368","378","373.0","5.0","",""
"529","16","","Elijhaa Penny","NYG","RB145","11","363","387","375.0","12.0","",""
"530","16","","David Fluellen","FA","RB146","","356","395","375.5","19.5","",""
"531","16","","Keith Smith","ATL","RB147","10","365","389","377.0","12.0","",""
"532","16","","Phillip Walker","CAR","QB50","13","367","387","377.0","10.0","",""
"533","16","","Wendell Smallwood","FA","RB148","","383","392","386.0","4.2","542.0","+9.0"
"534","16","","Salvon Ahmed","FA","RB149","","357","402","379.5","22.5","457.0","-77.0"
"535","16","","Deonte Harris","NO","WR179","6","370","393","381.5","11.5","432.0","-103.0"
"536","16","","Chad Beebe","MIN","WR180","7","378","389","383.5","5.5","505.0","-31.0"
"537","16","","K.J. Osborn","MIN","WR181","7","377","396","386.5","9.5","",""
"538","16","","Elijah McGuire","FA","RB150","","376","401","388.5","12.5","544.0","+6.0"
"539","16","","Alex Smith","WAS","QB51","8","385","394","389.5","4.5","",""
"540","16","","Mike Davis","FA","WR182","","383","423","403.0","20.0","",""
"541","16","","D'Ernest Johnson","CLE","RB151","9","390","399","394.5","4.5","",""
""
""